d708afe5-1756-11ee-87a8-ccd9acb5d393.jpg,['0H12 DE1433]']
da43c98b-1756-11ee-8ea7-ccd9acb5d393.jpg,[]
dbba05c1-1756-11ee-a866-ccd9acb5d393.jpg,['4HI2 DE1433']
dd44cf9b-1756-11ee-8450-ccd9acb5d393.jpg,['NH1Z DE 1433/']
deba7e3d-1756-11ee-bf17-ccd9acb5d393.jpg,['Amizoe143]']
eb9a2b0f-1756-11ee-8f31-ccd9acb5d393.jpg,[]
ecf71d12-1756-11ee-b7d9-ccd9acb5d393.jpg,['DL ScH 8169']
f8338674-1756-11ee-976d-ccd9acb5d393.jpg,['DL9cAc0328']
fcaeef72-1756-11ee-968f-ccd9acb5d393.jpg,[]
01b57782-1757-11ee-b404-ccd9acb5d393.jpg,['DL 10C69892]']
03156f3e-1757-11ee-88e4-ccd9acb5d393.jpg,['DL 10C69892/']
05879d72-1757-11ee-b453-ccd9acb5d393.jpg,['DL 10c698927']
49be627b-1758-11ee-bfdf-ccd9acb5d393.jpg,[]
4b16c82e-1758-11ee-9eea-ccd9acb5d393.jpg,[]
4c83f0e0-1758-11ee-bccb-ccd9acb5d393.jpg,['ocu90s4']
4df6446f-1758-11ee-951f-ccd9acb5d393.jpg,['50cu9054']
56d4da35-1758-11ee-bdfb-ccd9acb5d393.jpg,[]
5837f643-1758-11ee-aa83-ccd9acb5d393.jpg,[]
599e1b98-1758-11ee-8160-ccd9acb5d393.jpg,[]
5b146a2a-1758-11ee-8268-ccd9acb5d393.jpg,['DL1Ocu9054']
5c7a541c-1758-11ee-8409-ccd9acb5d393.jpg,['Jocu905y']
612f4ee5-176d-11ee-a502-ccd9acb5d393.jpg,['ol9caco3z8']
b26842a8-17e0-11ee-b40a-a85ffae1383b.jpg,['{OLiOCU9O5Z']
b4adc222-17e0-11ee-a430-a85ffae1383b.jpg,[]
b6fd3adb-17e0-11ee-bc6b-a85ffae1383b.jpg,"[""'DL1ocu9052""]"
b965ad5a-17e0-11ee-a3a4-a85ffae1383b.jpg,[]
bbea1fdd-17e0-11ee-ab71-a85ffae1383b.jpg,['Foltocu9057']
be5dda74-17e0-11ee-b37f-a85ffae1383b.jpg,[]
c422994f-17e0-11ee-ae0e-a85ffae1383b.jpg,['CDL 10cu9057']
c68ec329-17e0-11ee-800a-a85ffae1383b.jpg,['DL 10cu9052]']
